Id,R,Nome,Squadra,Pv,Mv,Fm,Gf,Gs,Rp,Rc,R+,R-,Ass,Amm,Esp,Au,Season,MvH,FvH,MvH_Classification,FvH_Classification
4312,P,MAIGNAN,Milan,3,6.0,5.33,0,2,0,0,0,0,0,0,0,0,2023-24,6.122999999999999,5.365,A,B
572,P,MERET,Napoli,3,5.83,4.83,0,3,0,0,0,0,0,0,0,0,2023-24,6.166500000000001,5.3055,A,B
2428,P,SOMMER,Inter,3,6.0,6.0,0,0,0,0,0,0,0,0,0,0,2023-24,6.0,6.0,B,A
453,P,SZCZESNY,Juventus,1,7.0,7.0,0,0,0,0,0,0,0,0,0,0,2023-24,6.185999999999999,5.537999999999999,A,A
2814,P,PROVEDEL,Lazio,3,6.17,4.83,0,4,0,0,0,0,0,0,0,0,2023-24,6.1145000000000005,4.416,A,D
4270,P,RUI PATRICIO,Roma,3,5.67,3.67,0,6,0,0,0,0,0,0,0,0,2023-24,5.917999999999999,4.652,B,D
5876,P,DI GREGORIO,Monza,3,6.5,4.83,0,5,0,0,0,0,0,0,0,0,2023-24,6.478000000000001,4.846,A,C
133,P,SKORUPSKI,Bologna,3,6.17,4.83,0,4,0,0,0,0,0,0,0,0,2023-24,6.1690000000000005,4.8745,A,C
2170,P,MILINKOVIC-SAVIC V.,Torino,3,6.0,4.5,0,4,0,0,0,0,0,1,0,0,2023-24,5.8525,4.0815,B,D
2815,P,TERRACCIANO,Fiorentina,1,6.0,5.0,0,1,0,0,0,0,0,0,0,0,2023-24,6.139999999999999,5.3629999999999995,A,B
4431,P,CARNESECCHI,Atalanta,0,0.0,0.0,0,0,0,0,0,0,0,0,0,0,2023-24,6.35,4.63,A,D
2134,P,FALCONE,Lecce,3,6.5,5.5,0,3,0,0,0,0,0,0,0,0,2023-24,6.345,5.199,A,B
2211,P,SILVESTRI,Udinese,3,5.5,4.17,0,4,0,0,0,0,0,0,0,0,2023-24,6.1610000000000005,4.6015,A,D
6120,P,OCHOA,Salernitana,3,6.5,4.83,0,5,0,0,0,0,0,0,0,0,2023-24,6.498000000000001,4.8420000000000005,A,C
3,P,RADUNOVIC,Cagliari,3,5.67,4.33,0,4,0,0,0,0,0,0,0,0,2023-24,5.736,4.464,B,D
4957,P,MONTIPO',Verona,3,6.33,5.0,0,4,0,0,0,0,0,0,0,0,2023-24,6.141,4.657,A,D
5116,P,MARTINEZ JO.,Genoa,3,6.0,4.33,0,5,0,0,0,0,0,0,0,0,2023-24,6.0,4.33,B,D
4360,P,CAPRILE,Empoli,1,5.0,4.0,0,1,0,0,0,0,0,0,0,0,2023-24,5.0,4.0,C,D
509,P,CONSIGLI,Sassuolo,3,5.83,4.17,0,5,0,0,0,0,0,0,0,0,2023-24,6.235,4.776999999999999,A,D
2792,P,MUSSO,Atalanta,3,6.33,5.67,0,2,0,0,0,0,0,0,0,0,2023-24,6.158,4.8005,A,C
4867,P,TURATI,Frosinone,2,5.75,4.25,0,3,0,0,0,0,0,0,0,0,2023-24,5.75,4.25,B,D
218,P,PERIN,Juventus,2,6.0,5.5,0,1,0,0,0,0,0,0,0,0,2023-24,6.0785,5.051,B,B
316,P,BERISHA,Empoli,1,6.5,7.5,0,2,1,0,0,0,0,0,0,0,2023-24,6.097999999999999,5.305499999999999,B,B
2178,P,CRAGNO,Sassuolo,0,0.0,0.0,0,0,0,0,0,0,0,0,0,0,2023-24,6.24,4.66,A,D
2294,P,CEROFOLINI,Frosinone,1,6.5,5.5,0,1,0,0,0,0,0,0,0,0,2023-24,6.460000000000001,5.5,A,A
6403,P,CHRISTENSEN O.,Fiorentina,2,5.75,2.75,0,6,0,0,0,0,0,0,0,0,2023-24,5.75,2.75,B,D
4,P,SPORTIELLO,Milan,0,0.0,0.0,0,0,0,0,0,0,0,0,0,0,2023-24,6.158000000000001,4.666,A,D
41,P,MIRANTE,Milan,0,0.0,0.0,0,0,0,0,0,0,0,0,0,0,2023-24,6.395,5.683999999999999,A,A
159,P,SEPE,Lazio,0,0.0,0.0,0,0,0,0,0,0,0,0,0,0,2023-24,6.0915,4.547,B,D
188,P,LEALI,Genoa,0,0.0,0.0,0,0,0,0,0,0,0,0,0,0,2023-24,0.0,0.0,D,D
217,P,LAMANNA,Monza,0,0.0,0.0,0,0,0,0,0,0,0,0,0,0,2023-24,6.5,5.5,A,A
219,P,SOMMARIVA,Genoa,0,0.0,0.0,0,0,0,0,0,0,0,0,0,0,2023-24,0.0,0.0,D,D
510,P,PEGOLO,Sassuolo,0,0.0,0.0,0,0,0,0,0,0,0,0,0,0,2023-24,6.1,4.824999999999999,A,C
511,P,PERILLI,Verona,0,0.0,0.0,0,0,0,0,0,0,0,0,0,0,2023-24,6.5,6.5,A,A
543,P,PADELLI,Udinese,0,0.0,0.0,0,0,0,0,0,0,0,0,0,0,2023-24,6.1530000000000005,3.65,A,D
574,P,SCUFFET,Cagliari,0,0.0,0.0,0,0,0,0,0,0,0,0,0,0,2023-24,5.733,4.135,B,D
610,P,GOLLINI,Napoli,0,0.0,0.0,0,0,0,0,0,0,0,0,0,0,2023-24,6.1525,5.2215,A,B
673,P,PERISAN,Empoli,1,5.0,3.0,0,2,0,0,0,0,0,0,0,0,2023-24,5.121,3.193,C,D
761,P,AUDERO,Inter,0,0.0,0.0,0,0,0,0,0,0,0,0,0,0,2023-24,6.269,4.884500000000001,A,C
1926,P,DI GENNARO,Inter,0,0.0,0.0,0,0,0,0,0,0,0,0,0,0,2023-24,0.0,0.0,D,D
1930,P,PINSOGLIO,Juventus,0,0.0,0.0,0,0,0,0,0,0,0,0,0,0,2023-24,5.824999999999999,4.325,B,D
1946,P,ARESTI,Cagliari,0,0.0,0.0,0,0,0,0,0,0,0,0,0,0,2023-24,0.0,0.0,D,D
1947,P,FIORILLO,Salernitana,0,0.0,0.0,0,0,0,0,0,0,0,0,0,0,2023-24,6.0,3.7,B,D
2297,P,ROSSI F.,Atalanta,0,0.0,0.0,0,0,0,0,0,0,0,0,0,0,2023-24,5.95,4.95,B,C
2338,P,COSTIL,Salernitana,0,0.0,0.0,0,0,0,0,0,0,0,0,0,0,2023-24,0.0,0.0,D,D
2722,P,RAVAGLIA F.,Bologna,0,0.0,0.0,0,0,0,0,0,0,0,0,0,0,2023-24,5.88,3.38,B,D
2799,P,FRATTALI,Frosinone,0,0.0,0.0,0,0,0,0,0,0,0,0,0,0,2023-24,6.5,4.5,A,D
2845,P,CONTINI,Napoli,0,0.0,0.0,0,0,0,0,0,0,0,0,0,0,2023-24,0.0,0.0,D,D
4351,P,BRANCOLINI,Lecce,0,0.0,0.0,0,0,0,0,0,0,0,0,0,0,2023-24,0.0,0.0,D,D
4468,P,BLEVE,Lecce,0,0.0,0.0,0,0,0,0,0,0,0,0,0,0,2023-24,0.0,0.0,D,D
4491,P,BERARDI A.,Verona,0,0.0,0.0,0,0,0,0,0,0,0,0,0,0,2023-24,6.450000000000001,3.75,A,D
4525,P,GEMELLO,Torino,0,0.0,0.0,0,0,0,0,0,0,0,0,0,0,2023-24,6.5,6.5,A,A
5304,P,BOER,Roma,0,0.0,0.0,0,0,0,0,0,0,0,0,0,0,2023-24,0.0,0.0,D,D
2130,D,HATEBOER,Atalanta,0,0.0,0.0,0,0,0,0,0,0,0,0,0,0,2023-24,6.034,6.319,B,B
5502,P,ADAMONIS,Lazio,0,0.0,0.0,0,0,0,0,0,0,0,0,0,0,2023-24,0.0,0.0,D,D
5707,P,PIANA,Udinese,0,0.0,0.0,0,0,0,0,0,0,0,0,0,0,2023-24,0.0,0.0,D,D
5822,P,BAGNOLINI,Bologna,0,0.0,0.0,0,0,0,0,0,0,0,0,0,0,2023-24,0.0,0.0,D,D
5832,P,LUIS MAXIMIANO,Lazio,0,0.0,0.0,0,0,0,0,0,0,0,0,0,0,2023-24,4.0,3.0,D,D
5841,P,SVILAR,Roma,0,0.0,0.0,0,0,0,0,0,0,0,0,0,0,2023-24,6.0,4.83,B,C
5853,P,SORRENTINO A.,Monza,0,0.0,0.0,0,0,0,0,0,0,0,0,0,0,2023-24,0.0,0.0,D,D
6184,P,MARTINELLI T.,Fiorentina,0,0.0,0.0,0,0,0,0,0,0,0,0,0,0,2023-24,0.0,0.0,D,D
6210,P,POPA,Torino,0,0.0,0.0,0,0,0,0,0,0,0,0,0,0,2023-24,0.0,0.0,D,D
6234,P,STUBLJAR,Empoli,0,0.0,0.0,0,0,0,0,0,0,0,0,0,0,2023-24,0.0,0.0,D,D
6248,P,STANKOVIC F.,Inter,0,0.0,0.0,0,0,0,0,0,0,0,0,0,0,2023-24,0.0,0.0,D,D
6255,P,GORI,Monza,0,0.0,0.0,0,0,0,0,0,0,0,0,0,0,2023-24,5.93,5.71,B,A
6406,P,BORBEI,Lecce,0,0.0,0.0,0,0,0,0,0,0,0,0,0,0,2023-24,0.0,0.0,D,D
6415,P,PALMISANI,Frosinone,0,0.0,0.0,0,0,0,0,0,0,0,0,0,0,2023-24,0.0,0.0,D,D
6462,P,OKOYE,Udinese,0,0.0,0.0,0,0,0,0,0,0,0,0,0,0,2023-24,0.0,0.0,D,D
6482,P,MANDAS,Lazio,0,0.0,0.0,0,0,0,0,0,0,0,0,0,0,2023-24,0.0,0.0,D,D
254,D,DIMARCO,Inter,3,6.5,7.17,0,0,0,0,0,0,2,0,0,0,2023-24,6.178000000000001,6.551500000000001,A,A
2816,D,DI LORENZO,Napoli,3,6.83,8.5,1,0,0,0,0,0,2,0,0,0,2023-24,6.1485,6.506500000000001,B,A
4292,D,HERNANDEZ T.,Milan,3,6.5,7.17,1,0,0,0,0,0,0,2,0,0,2023-24,6.273499999999999,6.7090000000000005,A,A
5877,D,CARLOS AUGUSTO,Inter,3,6.0,6.0,0,0,0,0,0,0,0,0,0,0,2023-24,6.016,6.0760000000000005,B,B
4237,D,DANILO,Juventus,3,6.67,7.5,1,0,0,0,0,0,0,1,0,0,2023-24,6.249499999999999,6.501,A,A
554,D,ZAPPACOSTA,Atalanta,3,5.83,5.83,0,0,0,0,0,0,0,0,0,0,2023-24,6.064,6.381,B,A
6041,D,SCHUURS,Torino,3,6.0,7.0,1,0,0,0,0,0,0,0,0,0,2023-24,6.021000000000001,6.919,B,A
6066,D,POSCH,Bologna,3,5.83,5.67,0,0,0,0,0,0,0,1,0,0,2023-24,5.859,5.771,C,D
2120,D,BASTONI,Inter,3,6.67,6.67,0,0,0,0,0,0,0,0,0,0,2023-24,6.091,6.142,B,B
4177,D,PAVARD,Inter,0,0.0,0.0,0,0,0,0,0,0,0,0,0,0,2023-24,0.0,0.0,D,D
4245,D,SMALLING,Roma,3,5.67,5.67,0,0,0,0,0,0,0,0,0,0,2023-24,6.111,6.2995,B,B
4409,D,RRAHMANI,Napoli,3,6.0,6.0,0,0,0,0,0,0,0,0,0,0,2023-24,6.183999999999999,6.398999999999999,A,A
5513,D,DUMFRIES,Inter,3,6.67,8.0,1,0,0,0,0,0,1,0,0,0,2023-24,6.1690000000000005,6.677,A,A
460,D,ROMAGNOLI,Lazio,3,5.83,5.83,0,0,0,0,0,0,0,0,0,0,2023-24,6.134000000000001,6.155499999999999,B,B
2788,D,BREMER,Juventus,3,5.83,5.83,0,0,0,0,0,0,0,0,0,0,2023-24,6.096500000000001,6.3405000000000005,B,B
4751,D,TOMORI,Milan,3,6.0,5.67,0,0,0,0,0,0,0,0,1,0,2023-24,6.191000000000001,6.132000000000001,A,B
1852,D,SPINAZZOLA,Roma,3,6.33,7.33,1,0,0,0,0,0,0,0,0,0,2023-24,6.0685,6.237,B,B
2525,D,DARMIAN,Inter,3,6.33,6.33,0,0,0,0,0,0,0,0,0,0,2023-24,6.1495,6.335000000000001,B,B
252,D,BIRAGHI,Fiorentina,2,6.0,7.75,1,0,0,0,0,0,1,1,0,0,2023-24,5.905500000000001,6.1055,B,B
5067,D,BAKKER,Atalanta,1,6.0,6.0,0,0,0,0,0,0,0,0,0,0,2023-24,6.0,6.0,B,B
5375,D,MAEHLE,Atalanta,0,0.0,0.0,0,0,0,0,0,0,0,0,0,0,2023-24,5.869,6.033,C,B
5481,D,MAZZOCCHI,Salernitana,3,5.67,5.67,0,0,0,0,0,0,0,0,0,0,2023-24,5.986999999999999,6.159999999999999,B,B
5835,D,BASCHIROTTO,Lecce,3,6.17,6.17,0,0,0,0,0,0,0,0,0,0,2023-24,6.16,6.176,A,B
5851,D,DOIG,Verona,3,6.0,5.83,0,0,0,0,0,0,0,1,0,0,2023-24,6.007000000000001,5.899,B,C
6055,D,THIAW,Milan,3,6.5,6.33,0,0,0,0,0,0,0,1,0,0,2023-24,6.442,6.276,A,B
142,D,MARIO RUI,Napoli,2,5.75,5.75,0,0,0,0,0,0,0,0,0,0,2023-24,5.906499999999999,5.964,B,C
357,D,CALABRIA,Milan,3,6.17,6.5,0,0,0,0,0,0,1,0,0,0,2023-24,6.0175,6.139000000000001,B,B
513,D,ACERBI,Inter,0,0.0,0.0,0,0,0,0,0,0,0,0,0,0,2023-24,6.0634999999999994,6.1355,B,B
697,D,CUADRADO,Inter,3,6.17,6.5,0,0,0,0,0,0,1,0,0,0,2023-24,6.0215,6.3055,B,B
2164,D,MILENKOVIC,Fiorentina,3,5.5,5.33,0,0,0,0,0,0,0,1,0,0,2023-24,5.867500000000001,5.943499999999999,C,C
2296,D,MANCINI,Roma,3,5.33,5.33,0,0,0,0,0,0,0,0,0,0,2023-24,6.0755,6.328,B,B
2724,D,BUONGIORNO,Torino,3,5.67,5.5,0,0,0,0,0,0,0,1,0,0,2023-24,5.8775,5.8175,C,C
5480,D,EBUEHI,Empoli,2,5.25,5.25,0,0,0,0,0,0,0,0,0,0,2023-24,5.77,6.001,C,B
5498,D,CASALE,Lazio,2,6.0,6.0,0,0,0,0,0,0,0,0,0,0,2023-24,5.984999999999999,5.992999999999999,B,C
5526,D,SCALVINI,Atalanta,3,6.0,6.0,0,0,0,0,0,0,0,0,0,0,2023-24,5.965999999999999,6.032,B,B
5678,D,HOLM,Atalanta,1,6.0,6.0,0,0,0,0,0,0,0,0,0,0,2023-24,6.006,6.017,B,B
581,D,FARAONI,Verona,2,5.75,5.75,0,0,0,0,0,0,0,0,0,0,2023-24,6.000500000000001,6.331,B,B
2160,D,GOSENS,Inter,0,0.0,0.0,0,0,0,0,0,0,0,0,0,0,2023-24,6.1605,6.649,A,A
2640,D,KOLASINAC,Atalanta,3,6.0,6.0,0,0,0,0,0,0,0,0,0,0,2023-24,6.0,6.0,B,B
5677,D,PEREZ N.,Udinese,3,5.67,5.67,0,0,0,0,0,0,0,0,0,0,2023-24,5.887999999999999,5.866,C,C
5847,D,BIJOL,Udinese,3,5.83,5.83,0,0,0,0,0,0,0,0,0,0,2023-24,5.835,5.85,C,C
322,D,DE VRIJ,Inter,3,6.67,6.67,0,0,0,0,0,0,0,0,0,0,2023-24,6.1080000000000005,6.2105,B,B
695,D,TOLOI,Atalanta,0,0.0,0.0,0,0,0,0,0,0,0,0,0,0,2023-24,6.0295,6.110000000000001,B,B
787,D,DJIMSITI,Atalanta,3,6.0,6.0,0,0,0,0,0,0,0,0,0,0,2023-24,5.876,5.868999999999999,C,C
2169,D,RODRIGUEZ R.,Torino,3,5.83,5.83,0,0,0,0,0,0,0,0,0,0,2023-24,5.7625,5.739,C,D
2593,D,MARTIN,Genoa,1,6.0,6.0,0,0,0,0,0,0,0,0,0,0,2023-24,6.0,6.0,B,B
4317,D,N'DICKA,Roma,0,0.0,0.0,0,0,0,0,0,0,0,0,0,0,2023-24,0.0,0.0,D,D
4332,D,DEMIRAL,Atalanta,0,0.0,0.0,0,0,0,0,0,0,0,0,0,0,2023-24,6.0865,6.158,B,B
4530,D,KYRIAKOPOULOS,Monza,1,5.5,5.5,0,0,0,0,0,0,0,0,0,0,2023-24,5.8565000000000005,5.923500000000001,C,C
4899,D,SINGO,Torino,0,0.0,0.0,0,0,0,0,0,0,0,0,0,0,2023-24,6.072,6.2780000000000005,B,B
4904,D,MARI',Monza,3,5.33,5.17,0,0,0,0,0,0,0,1,0,0,2023-24,5.784,5.79,C,D
5332,D,BASTONI S.,Empoli,0,0.0,0.0,0,0,0,0,0,0,0,0,0,0,2023-24,6.114,6.422000000000001,B,A
6220,D,KRISTENSEN,Roma,2,5.5,5.5,0,0,0,0,0,0,0,0,0,0,2023-24,5.5,5.5,D,D
6396,D,NATAN,Napoli,0,0.0,0.0,0,0,0,0,0,0,0,0,0,0,2023-24,0.0,0.0,D,D
140,D,HYSAJ,Lazio,1,6.0,6.0,0,0,0,0,0,0,0,0,0,0,2023-24,5.832,5.842999999999999,C,C
226,D,IZZO,Monza,2,5.75,5.25,0,0,0,0,0,0,0,2,0,0,2023-24,6.063,6.1795,B,B
253,D,D'AMBROSIO,Monza,2,6.0,6.0,0,0,0,0,0,0,0,0,0,0,2023-24,6.0015,6.362500000000001,B,A
393,D,LUPERTO,Empoli,3,5.33,5.33,0,0,0,0,0,0,0,0,0,0,2023-24,5.563000000000001,5.4865,D,D
2188,D,MARUSIC,Lazio,3,5.67,5.67,0,0,0,0,0,0,0,0,0,0,2023-24,5.821500000000001,5.9115,C,C
4210,D,MINA,Fiorentina,0,0.0,0.0,0,0,0,0,0,0,0,0,0,0,2023-24,0.0,0.0,D,D
4331,D,IBANEZ,Roma,0,0.0,0.0,0,0,0,0,0,0,0,0,0,0,2023-24,5.823,5.9159999999999995,C,C
4887,D,BELLANOVA,Torino,3,5.5,5.5,0,0,0,0,0,0,0,0,0,0,2023-24,5.831999999999999,5.84,C,C
4958,D,CALDIROLA,Monza,3,5.83,5.67,0,0,0,0,0,0,0,1,0,0,2023-24,5.882,5.909999999999999,C,C
4976,D,KALULU,Milan,2,5.75,5.75,0,0,0,0,0,0,0,0,0,0,2023-24,6.03,6.1275,B,B
5449,D,PARISI,Fiorentina,1,5.5,5.5,0,0,0,0,0,0,0,0,0,0,2023-24,5.924999999999999,5.9190000000000005,B,C
5520,D,CAMBIASO,Juventus,3,6.33,6.67,0,0,0,0,0,0,1,0,0,0,2023-24,6.075,6.231,B,B
5532,D,BRADARIC,Salernitana,3,6.0,6.17,0,0,0,0,0,0,1,1,0,0,2023-24,5.8149999999999995,5.8629999999999995,C,C
5555,D,KAMARA H.,Udinese,3,6.17,6.17,0,0,0,0,0,0,0,0,0,0,2023-24,6.17,6.17,A,B
5840,D,OLIVERA,Napoli,3,5.83,5.67,0,0,0,0,0,0,0,1,0,0,2023-24,5.849,5.7299999999999995,C,D
5885,D,DODO',Fiorentina,2,5.25,5.25,0,0,0,0,0,0,0,0,0,0,2023-24,5.313000000000001,5.323,D,D
6042,D,LUCUMI',Bologna,3,5.83,5.83,0,0,0,0,0,0,0,0,0,0,2023-24,5.83,5.8149999999999995,C,C
6046,D,HIEN,Verona,1,5.5,4.5,0,0,0,0,0,0,0,0,1,0,2023-24,5.5440000000000005,4.63,D,D
6148,D,KRISTIANSEN,Bologna,1,7.0,8.0,0,0,0,0,0,0,1,0,0,0,2023-24,7.0,8.0,A,A
6426,D,PEDERSEN,Sassuolo,2,5.75,5.75,0,0,0,0,0,0,0,0,0,0,2023-24,5.75,5.75,C,D
76,D,ROMAGNOLI S.,Frosinone,3,5.67,5.67,0,0,0,0,0,0,0,0,0,0,2023-24,5.8005,5.8645000000000005,C,C
256,D,JUAN JESUS,Napoli,3,6.17,6.17,0,0,0,0,0,0,0,0,0,0,2023-24,5.842500000000001,5.8225,C,C
660,D,GYOMBER,Salernitana,3,5.33,5.17,0,0,0,0,0,0,0,1,0,0,2023-24,5.771,5.666,C,D
662,D,ALEX SANDRO,Juventus,2,6.0,5.75,0,0,0,0,0,0,0,1,0,0,2023-24,5.9795,6.0695,B,B
2181,D,PALOMINO,Atalanta,0,0.0,0.0,0,0,0,0,0,0,0,0,0,0,2023-24,6.015,6.039000000000001,B,B
2252,D,MARCHIZZA,Frosinone,3,6.0,6.0,0,0,0,0,0,0,0,0,0,0,2023-24,5.824,5.718999999999999,C,D
2263,D,LAZZARI,Lazio,2,6.25,6.25,0,0,0,0,0,0,0,0,0,0,2023-24,6.199,6.3325000000000005,A,B
2318,D,ROGERIO,Sassuolo,0,0.0,0.0,0,0,0,0,0,0,0,0,0,0,2023-24,5.734999999999999,5.670999999999999,C,D
4426,D,TOLJAN,Sassuolo,3,5.67,6.0,0,0,0,0,0,0,1,0,0,0,2023-24,5.772,5.823,C,C
4461,D,ZAPPA,Cagliari,3,5.67,5.67,0,0,0,0,0,0,0,0,0,0,2023-24,5.7299999999999995,5.678999999999999,C,D
4502,D,GALLO,Lecce,3,6.17,6.5,0,0,0,0,0,0,1,0,0,0,2023-24,6.135,6.415000000000001,B,A
4982,D,ERLIC,Sassuolo,3,6.17,6.17,0,0,0,0,0,0,0,0,0,0,2023-24,5.907500000000001,5.9719999999999995,B,C
4994,D,VOJVODA,Torino,3,5.83,5.83,0,0,0,0,0,0,0,0,0,0,2023-24,5.918,6.007500000000001,B,B
5239,D,LLORENTE D.,Roma,3,5.67,6.0,0,0,0,0,0,0,1,0,0,0,2023-24,5.709,6.006,C,B
5365,D,DRAGUSIN,Genoa,3,5.83,5.83,0,0,0,0,0,0,0,0,0,0,2023-24,5.819,5.814,C,C
5514,D,VASQUEZ,Genoa,3,6.33,6.33,0,0,0,0,0,0,0,0,0,0,2023-24,5.956,5.943,B,C
5718,D,VITI,Sassuolo,1,6.5,6.5,0,0,0,0,0,0,0,0,0,0,2023-24,6.432,6.413,A,A
5831,D,GATTI,Juventus,1,6.5,6.5,0,0,0,0,0,0,0,0,0,0,2023-24,6.444000000000001,6.431000000000001,A,A
5838,D,BIRINDELLI,Monza,3,6.0,6.0,0,0,0,0,0,0,0,0,0,0,2023-24,5.9830000000000005,5.977,B,C
5867,D,GENDREY,Lecce,3,5.83,6.0,0,0,0,0,0,0,1,1,0,0,2023-24,5.835,5.985,C,C
6202,D,BEUKEMA,Bologna,3,5.67,5.67,0,0,0,0,0,0,0,0,0,0,2023-24,5.67,5.67,D,D
6211,D,ZEMURA,Udinese,2,6.0,6.0,0,0,0,0,0,0,0,0,0,0,2023-24,6.0,6.0,B,B
6230,D,DOSSENA,Cagliari,3,5.67,5.67,0,0,0,0,0,0,0,0,0,0,2023-24,5.67,5.67,D,D
6231,D,AZZI,Cagliari,3,5.83,5.83,0,0,0,0,0,0,0,0,0,0,2023-24,5.83,5.83,C,C
6464,D,WIETESKA,Cagliari,1,6.5,7.5,0,0,0,0,0,0,1,0,0,0,2023-24,6.5,7.5,A,A
49,D,MASINA,Udinese,0,0.0,0.0,0,0,0,0,0,0,0,0,0,0,2023-24,5.882,6.275,C,B
770,D,PEZZELLA GIU.,Empoli,2,5.75,5.75,0,0,0,0,0,0,0,0,0,0,2023-24,5.5535,5.4335,D,D
791,D,SABELLI,Genoa,2,6.0,6.0,0,0,0,0,0,0,0,0,0,0,2023-24,5.971,5.95,B,C
2653,D,LYKOGIANNIS,Bologna,2,5.5,5.5,0,0,0,0,0,0,0,0,0,0,2023-24,5.677000000000001,5.8085,D,C
2869,D,DJIDJI,Torino,0,0.0,0.0,0,0,0,0,0,0,0,0,0,0,2023-24,5.7225,5.72,C,D
4263,D,KABASELE,Udinese,3,5.83,5.33,0,0,0,0,0,0,0,3,0,0,2023-24,5.83,5.33,C,D
4378,D,RANIERI L.,Fiorentina,2,5.25,5.0,0,0,0,0,0,0,0,1,0,0,2023-24,5.8950000000000005,5.779,C,D
4421,D,AUGELLO,Cagliari,2,5.75,5.75,0,0,0,0,0,0,0,0,0,0,2023-24,5.8195,5.953,C,C
4433,D,ZORTEA,Atalanta,2,6.5,8.0,1,0,0,0,0,0,0,0,0,0,2023-24,6.128,6.655999999999999,B,A
4493,D,DAWIDOWICZ,Verona,3,6.0,5.83,0,0,0,0,0,0,0,1,0,0,2023-24,5.821999999999999,5.7315000000000005,C,D
4897,D,PIROLA,Salernitana,2,5.75,5.5,0,0,0,0,0,0,0,1,0,0,2023-24,5.753,5.5440000000000005,C,D
4934,D,LOVATO,Salernitana,3,5.83,5.67,0,0,0,0,0,0,0,1,0,0,2023-24,5.8500000000000005,5.7365,C,D
4952,D,MONTERISI,Frosinone,3,6.33,7.33,1,0,0,0,0,0,0,0,0,0,2023-24,6.33,7.33,A,A
5010,D,ISMAJLI,Empoli,2,5.5,5.5,0,0,0,0,0,0,0,0,0,0,2023-24,5.6530000000000005,5.414,D,D
5323,D,MARTINEZ QUARTA,Fiorentina,1,5.0,4.5,0,0,0,0,0,0,0,1,0,0,2023-24,5.727,5.632000000000001,C,D
5354,D,RUGGERI,Atalanta,3,6.17,6.83,0,0,0,0,0,0,2,0,0,0,2023-24,5.8629999999999995,5.9295,C,C
5603,D,PONGRACIC,Lecce,3,5.83,5.5,0,0,0,0,0,0,0,2,0,0,2023-24,5.8469999999999995,5.539,C,D
5701,D,OBERT,Cagliari,2,5.5,5.5,0,0,0,0,0,0,0,0,0,0,2023-24,5.538,5.538,D,D
5747,D,TRESSOLDI,Sassuolo,2,5.75,5.5,0,0,0,0,0,0,0,1,0,0,2023-24,5.75,5.5,C,D
5848,D,EBOSELE,Udinese,3,5.67,5.67,0,0,0,0,0,0,0,0,0,0,2023-24,5.702999999999999,5.702999999999999,C,D
6438,D,HATZIDIAKOS,Cagliari,0,0.0,0.0,0,0,0,0,0,0,0,0,0,0,2023-24,0.0,0.0,D,D
286,D,BONUCCI,Juventus,0,0.0,0.0,0,0,0,0,0,0,0,0,0,0,2023-24,6.0070000000000014,6.2385,B,B
327,D,PATRIC,Lazio,1,5.5,5.5,0,0,0,0,0,0,0,0,0,0,2023-24,5.7845,5.737500000000001,C,D
1891,D,CECCHERINI,Verona,0,0.0,0.0,0,0,0,0,0,0,0,0,0,0,2023-24,5.83,5.7085,C,D
2083,D,BIRASCHI,Genoa,1,6.0,9.0,1,0,0,0,0,0,0,0,0,0,2023-24,5.807,6.0135000000000005,C,B
2728,D,PELLEGRINI LU.,Lazio,3,5.67,5.33,0,0,0,0,0,0,0,2,0,0,2023-24,5.813,5.627000000000001,C,D
4385,D,LAZARO,Torino,1,6.0,6.0,0,0,0,0,0,0,0,0,0,0,2023-24,6.0,6.005000000000001,B,B
4945,D,CALAFIORI,Bologna,0,0.0,0.0,0,0,0,0,0,0,0,0,0,0,2023-24,5.6579999999999995,5.608,D,D
5509,D,VINA,Sassuolo,3,5.5,5.5,0,0,0,0,0,0,0,0,0,0,2023-24,5.523999999999999,5.523999999999999,D,D
5812,D,TERRACCIANO F.,Verona,2,6.5,6.5,0,0,0,0,0,0,0,0,0,0,2023-24,6.458,6.462000000000001,A,A
6047,D,EHIZIBUE,Udinese,0,0.0,0.0,0,0,0,0,0,0,0,0,0,0,2023-24,5.79,5.93,C,C
6245,D,VOGLIACCO,Genoa,0,0.0,0.0,0,0,0,0,0,0,0,0,0,0,2023-24,0.0,0.0,D,D
418,D,GOLDANIGA,Cagliari,1,5.5,5.5,0,0,0,0,0,0,0,0,0,0,2023-24,5.675,5.640499999999999,D,D
1895,D,FERRARI G.,Sassuolo,0,0.0,0.0,0,0,0,0,0,0,0,0,0,0,2023-24,5.9270000000000005,6.040000000000001,B,B
2006,D,LIROLA,Frosinone,0,0.0,0.0,0,0,0,0,0,0,0,0,0,0,2023-24,5.946,6.063,B,B
2104,D,BERESZYNSKI,Empoli,1,5.5,5.0,0,0,0,0,0,0,0,1,0,0,2023-24,5.704000000000001,5.6499999999999995,C,D
2174,D,VENUTI,Lecce,0,0.0,0.0,0,0,0,0,0,0,0,0,0,0,2023-24,5.6754999999999995,5.564,D,D
2180,D,KARSDORP,Roma,2,6.0,6.0,0,0,0,0,0,0,0,0,0,0,2023-24,5.840999999999999,5.852999999999999,C,C
2285,D,BANI,Genoa,3,5.83,5.5,0,0,0,0,0,0,0,2,0,0,2023-24,5.723500000000001,5.5195,C,D
2633,D,KJAER,Milan,0,0.0,0.0,0,0,0,0,0,0,0,0,0,0,2023-24,6.135,5.911,B,C
2758,D,GUNTER,Verona,0,0.0,0.0,0,0,0,0,0,0,0,0,0,0,2023-24,5.851500000000001,5.7995,C,D
2769,D,MAGNANI,Verona,3,5.83,5.5,0,0,0,0,0,0,0,2,0,0,2023-24,5.963000000000001,5.745,B,D
4891,D,SOUMAORO,Bologna,0,0.0,0.0,0,0,0,0,0,0,0,0,0,0,2023-24,5.88,5.697,C,D
4925,D,CARBONI A.,Monza,1,6.0,6.0,0,0,0,0,0,0,0,0,0,0,2023-24,5.933000000000001,5.933000000000001,B,C
5406,D,DI PARDO,Cagliari,3,5.67,5.67,0,0,0,0,0,0,0,0,0,0,2023-24,5.67,5.67,D,D
5447,D,ALTARE,Cagliari,0,0.0,0.0,0,0,0,0,0,0,0,0,0,0,2023-24,5.97,6.0,B,B
5450,D,STOJANOVIC,Empoli,0,0.0,0.0,0,0,0,0,0,0,0,0,0,0,2023-24,5.713,5.6819999999999995,C,D
5527,D,ZANOLI,Napoli,0,0.0,0.0,0,0,0,0,0,0,0,0,0,0,2023-24,5.992,6.263000000000001,B,B
5691,D,ZIMA,Torino,1,6.0,6.0,0,0,0,0,0,0,0,0,0,0,2023-24,5.874999999999999,5.867,C,C
5748,D,HEFTI,Genoa,3,5.5,5.5,0,0,0,0,0,0,0,0,0,0,2023-24,5.531000000000001,5.5280000000000005,D,D
5750,D,OSTIGARD,Napoli,0,0.0,0.0,0,0,0,0,0,0,0,0,0,0,2023-24,5.963,5.871,B,C
5856,D,SAMBIA,Salernitana,0,0.0,0.0,0,0,0,0,0,0,0,0,0,0,2023-24,5.88,5.92,C,C
6217,D,BISSECK,Inter,0,0.0,0.0,0,0,0,0,0,0,0,0,0,0,2023-24,0.0,0.0,D,D
6257,D,DORGU,Lecce,3,6.17,6.0,0,0,0,0,0,0,0,1,0,0,2023-24,6.17,6.0,A,B
6465,D,TOUBA,Lecce,0,0.0,0.0,0,0,0,0,0,0,0,0,0,0,2023-24,0.0,0.0,D,D
6474,D,SAZONOV,Torino,0,0.0,0.0,0,0,0,0,0,0,0,0,0,0,2023-24,0.0,0.0,D,D
294,D,RUGANI,Juventus,0,0.0,0.0,0,0,0,0,0,0,0,0,0,0,2023-24,5.926,6.140499999999999,B,B
358,D,DE SCIGLIO,Juventus,0,0.0,0.0,0,0,0,0,0,0,0,0,0,0,2023-24,6.0329999999999995,6.072,B,B
464,D,FLORENZI,Milan,0,0.0,0.0,0,0,0,0,0,0,0,0,0,0,2023-24,6.027,6.2305,B,B
2016,D,FAZIO,Salernitana,1,6.0,6.5,0,0,0,0,0,0,1,1,0,0,2023-24,5.8655,6.1625000000000005,C,B
2192,D,BONIFAZI,Bologna,0,0.0,0.0,0,0,0,0,0,0,0,0,0,0,2023-24,5.881000000000001,5.914500000000001,C,C
4374,D,WALUKIEWICZ,Empoli,1,5.0,5.0,0,0,0,0,0,0,0,0,0,0,2023-24,5.6075,5.5655,D,D
4495,D,KUMBULLA,Roma,0,0.0,0.0,0,0,0,0,0,0,0,0,0,0,2023-24,5.669,5.462,D,D
4657,D,CELIK,Roma,1,4.5,4.5,0,0,0,0,0,0,0,0,0,0,2023-24,4.631,4.619,D,D
5017,D,BALLO-TOURE',Milan,0,0.0,0.0,0,0,0,0,0,0,0,0,0,0,2023-24,5.838,6.211,C,B
5316,D,AMIONE,Verona,0,0.0,0.0,0,0,0,0,0,0,0,0,0,0,2023-24,5.69,5.63,D,D
5554,D,DANILIUC,Salernitana,0,0.0,0.0,0,0,0,0,0,0,0,0,0,0,2023-24,5.69,5.5,D,D
5695,D,HAPS,Genoa,0,0.0,0.0,0,0,0,0,0,0,0,0,0,0,2023-24,5.84,5.88,C,C
5739,D,DE WINTER,Genoa,0,0.0,0.0,0,0,0,0,0,0,0,0,0,0,2023-24,5.73,5.62,C,D
5757,D,CITTADINI,Monza,0,0.0,0.0,0,0,0,0,0,0,0,0,0,0,2023-24,0.0,0.0,D,D
5764,D,COPPOLA D.,Verona,2,5.5,5.25,0,0,0,0,0,0,0,1,0,0,2023-24,5.718999999999999,5.554,C,D
5804,D,CACACE,Empoli,2,5.25,5.0,0,0,0,0,0,0,0,1,0,0,2023-24,5.546,5.4350000000000005,D,D
5994,D,EBOSSE,Udinese,0,0.0,0.0,0,0,0,0,0,0,0,0,0,0,2023-24,5.64,5.54,D,D
6039,D,CABAL,Verona,0,0.0,0.0,0,0,0,0,0,0,0,0,0,0,2023-24,5.89,5.72,C,D
6189,D,MISSORI,Sassuolo,1,5.5,5.5,0,0,0,0,0,0,0,0,0,0,2023-24,5.5,5.5,D,D
6235,D,KAYODE,Fiorentina,1,7.0,7.0,0,0,0,0,0,0,0,0,0,0,2023-24,7.0,7.0,A,A
6238,D,OYONO,Frosinone,3,5.83,5.67,0,0,0,0,0,0,0,1,0,0,2023-24,5.83,5.67,C,D
6256,D,FERREIRA J.,Udinese,3,5.67,5.5,0,0,0,0,0,0,0,1,0,0,2023-24,5.67,5.5,D,D
6401,D,GONZALEZ F.,Juventus,0,0.0,0.0,0,0,0,0,0,0,0,0,0,0,2023-24,0.0,0.0,D,D
6407,D,CORAZZA,Bologna,1,5.5,5.5,0,0,0,0,0,0,0,0,0,0,2023-24,5.5,5.5,D,D
6485,D,KRISTENSEN T.,Udinese,0,0.0,0.0,0,0,0,0,0,0,0,0,0,0,2023-24,0.0,0.0,D,D
139,D,DERMAKU,Lecce,0,0.0,0.0,0,0,0,0,0,0,0,0,0,0,2023-24,5.525,5.525,D,D
144,D,TONELLI,Empoli,0,0.0,0.0,0,0,0,0,0,0,0,0,0,0,2023-24,5.7535,5.724,C,D
454,D,CAPRADOSSI,Cagliari,0,0.0,0.0,0,0,0,0,0,0,0,0,0,0,2023-24,6.450000000000001,6.450000000000001,A,A
487,D,DE SILVESTRI,Bologna,0,0.0,0.0,0,0,0,0,0,0,0,0,0,0,2023-24,5.9175,6.155500000000001,B,B
729,D,PEREIRA P.,Monza,1,5.5,5.5,0,0,0,0,0,0,0,0,0,0,2023-24,5.607,5.5875,D,D
1876,D,PAJAC,Genoa,0,0.0,0.0,0,0,0,0,0,0,0,0,0,0,2023-24,6.0,6.35,B,A
2737,D,BETTELLA,Monza,0,0.0,0.0,0,0,0,0,0,0,0,0,0,0,2023-24,0.0,0.0,D,D
4432,D,OKOLI,Frosinone,0,0.0,0.0,0,0,0,0,0,0,0,0,0,0,2023-24,5.71,5.61,C,D
5399,D,ANTOV,Monza,0,0.0,0.0,0,0,0,0,0,0,0,0,0,0,2023-24,5.416,5.250000000000001,D,D
5424,D,AMEY,Bologna,0,0.0,0.0,0,0,0,0,0,0,0,0,0,0,2023-24,6.5,6.5,A,A
5686,D,SOPPY,Torino,0,0.0,0.0,0,0,0,0,0,0,0,0,0,0,2023-24,5.7669999999999995,5.874,C,C
5833,D,GILA,Lazio,0,0.0,0.0,0,0,0,0,0,0,0,0,0,0,2023-24,5.5,5.5,D,D
6021,D,ABANKWAH,Udinese,0,0.0,0.0,0,0,0,0,0,0,0,0,0,0,2023-24,6.5,6.5,A,A
6023,D,GUESSAND A.,Udinese,0,0.0,0.0,0,0,0,0,0,0,0,0,0,0,2023-24,6.5,6.5,A,A
6028,D,BRONN,Salernitana,0,0.0,0.0,0,0,0,0,0,0,0,0,0,0,2023-24,5.57,5.43,D,D
6043,D,SOSA,Bologna,0,0.0,0.0,0,0,0,0,0,0,0,0,0,0,2023-24,5.39,5.28,D,D
6056,D,GUARINO,Empoli,0,0.0,0.0,0,0,0,0,0,0,0,0,0,0,2023-24,0.0,0.0,D,D
6149,D,CARBONI F.,Monza,0,0.0,0.0,0,0,0,0,0,0,0,0,0,0,2023-24,6.25,6.25,A,B
6208,D,FLAMINGO,Sassuolo,0,0.0,0.0,0,0,0,0,0,0,0,0,0,0,2023-24,0.0,0.0,D,D
6223,D,SMAJLOVIC,Lecce,0,0.0,0.0,0,0,0,0,0,0,0,0,0,0,2023-24,0.0,0.0,D,D
6237,D,SZYMINSKI,Frosinone,0,0.0,0.0,0,0,0,0,0,0,0,0,0,0,2023-24,0.0,0.0,D,D
6239,D,KLITTEN,Frosinone,0,0.0,0.0,0,0,0,0,0,0,0,0,0,0,2023-24,0.0,0.0,D,D
6244,D,MATTURRO,Genoa,0,0.0,0.0,0,0,0,0,0,0,0,0,0,0,2023-24,0.0,0.0,D,D
6253,D,N'GUESSAN,Torino,0,0.0,0.0,0,0,0,0,0,0,0,0,0,0,2023-24,0.0,0.0,D,D
6411,D,MATEUS LUSUARDI,Frosinone,0,0.0,0.0,0,0,0,0,0,0,0,0,0,0,2023-24,0.0,0.0,D,D
6430,D,KALAJ,Frosinone,0,0.0,0.0,0,0,0,0,0,0,0,0,0,0,2023-24,0.0,0.0,D,D
6432,D,PIEROZZI,Fiorentina,0,0.0,0.0,0,0,0,0,0,0,0,0,0,0,2023-24,0.0,0.0,D,D
6433,D,HUIJSEN,Juventus,0,0.0,0.0,0,0,0,0,0,0,0,0,0,0,2023-24,0.0,0.0,D,D
6444,D,BONFANTI,Atalanta,0,0.0,0.0,0,0,0,0,0,0,0,0,0,0,2023-24,0.0,0.0,D,D
6460,D,PELLEGRINO,Milan,0,0.0,0.0,0,0,0,0,0,0,0,0,0,0,2023-24,0.0,0.0,D,D
632,C,ZACCAGNI,Lazio,3,6.0,5.67,0,0,0,0,0,0,0,2,0,0,2023-24,6.189,6.624,B,B
5685,C,KOOPMEINERS,Atalanta,3,6.33,6.67,0,0,0,0,0,0,1,0,0,0,2023-24,6.345,6.946999999999999,A,A
335,C,FELIPE ANDERSON,Lazio,3,5.83,6.5,0,0,0,0,0,0,2,0,0,0,2023-24,6.147,6.850999999999999,B,A
2085,C,LUIS ALBERTO,Lazio,3,6.67,7.83,1,0,0,0,0,0,1,1,0,0,2023-24,6.1785000000000005,6.8495,B,A
2379,C,RABIOT,Juventus,3,6.17,7.0,1,0,0,0,0,0,0,1,0,0,2023-24,5.935499999999999,6.2615,C,B
152,C,ZIELINSKI,Napoli,3,6.5,7.5,1,0,0,0,0,0,0,0,0,0,2023-24,6.224500000000001,6.804,A,A
1870,C,BARELLA,Inter,3,6.33,6.17,0,0,0,0,0,0,0,1,0,0,2023-24,6.221,6.3870000000000005,A,B
2423,C,PULISIC,Milan,3,7.0,9.0,2,0,0,0,0,0,0,0,0,0,2023-24,7.0,9.0,A,A
2167,C,ORSOLINI,Bologna,3,5.67,4.67,0,0,0,1,0,1,0,0,0,0,2023-24,6.075000000000001,6.727000000000001,B,B
4856,C,CHUKWUEZE,Milan,3,6.0,6.0,0,0,0,0,0,0,0,0,0,0,2023-24,6.0,6.0,B,C
4486,C,STREFEZZA,Lecce,3,6.0,6.83,1,0,0,1,1,0,0,1,0,0,2023-24,6.031000000000001,6.844,B,A
5858,C,FERGUSON,Bologna,3,6.33,7.17,1,0,0,0,0,0,0,1,0,0,2023-24,6.321,7.138,A,A
332,C,CANDREVA,Salernitana,3,6.5,8.67,2,0,0,0,0,0,1,1,0,0,2023-24,6.117000000000002,6.630000000000001,B,B
2194,C,CALHANOGLU,Inter,3,6.67,7.67,1,0,0,1,1,0,0,0,0,0,2023-24,6.14,6.65,B,B
2848,C,FRATTESI,Inter,2,6.0,6.0,0,0,0,0,0,0,0,0,0,0,2023-24,6.164,6.51,B,B
5119,C,SAMARDZIC,Udinese,3,6.33,7.33,1,0,0,0,0,0,0,0,0,0,2023-24,6.141,6.826,B,A
5687,C,VLASIC,Torino,3,5.67,5.67,0,0,0,0,0,0,0,0,0,0,2023-24,5.725,5.785,D,D
795,C,EL SHAARAWY,Roma,3,6.17,6.17,0,0,0,0,0,0,0,0,0,0,2023-24,6.044500000000001,6.853999999999999,B,A
4142,C,AOUAR,Roma,3,6.33,7.17,1,0,0,0,0,0,0,1,0,0,2023-24,6.33,7.17,A,A
367,C,BONAVENTURA,Fiorentina,3,6.33,7.5,1,0,0,0,0,0,1,1,0,0,2023-24,6.121500000000001,6.9055,B,A
530,C,PELLEGRINI LO.,Roma,2,5.75,5.5,0,0,0,0,0,0,0,1,0,0,2023-24,6.1495,6.547000000000001,B,B
536,C,POLITANO,Napoli,3,6.5,7.5,1,0,0,0,0,0,0,0,0,0,2023-24,6.136,6.7005,B,B
4427,C,MALINOVSKYI,Genoa,2,5.25,4.75,0,0,0,0,0,0,0,2,0,0,2023-24,6.0565,6.4915,B,B
5850,C,LOVRIC,Udinese,3,6.0,5.83,0,0,0,0,0,0,0,1,0,0,2023-24,6.018000000000001,5.918,B,D
5948,C,KAMADA,Lazio,3,6.0,7.0,1,0,0,0,0,0,0,0,0,0,2023-24,6.0,7.0,B,A
5949,C,LINDSTROM,Napoli,1,5.5,5.5,0,0,0,0,0,0,0,0,0,0,2023-24,5.5,5.5,D,D
236,C,LAZOVIC,Verona,0,0.0,0.0,0,0,0,0,0,0,0,0,0,0,2023-24,6.059,6.417000000000001,B,B
4199,C,LOFTUS-CHEEK,Milan,3,6.5,6.67,0,0,0,0,0,0,1,1,0,0,2023-24,6.5,6.67,A,B
4220,C,ZAMBO ANGUISSA,Napoli,3,5.83,5.83,0,0,0,0,0,0,0,0,0,0,2023-24,6.127,6.3309999999999995,B,B
4479,C,ELMAS,Napoli,1,6.0,6.0,0,0,0,0,0,0,0,0,0,0,2023-24,6.080500000000001,6.429500000000001,B,B
4711,C,KOSTIC,Juventus,1,6.5,6.5,0,0,0,0,0,0,0,0,0,0,2023-24,6.461,6.510000000000001,A,B
5800,C,GUDMUNDSSON A.,Genoa,3,6.33,6.33,0,0,0,0,0,0,0,0,0,0,2023-24,6.265,6.279,A,B
5823,C,BALDANZI,Empoli,3,5.83,5.67,0,0,0,0,0,0,0,1,0,0,2023-24,6.039,6.249,B,B
5880,C,CIURRIA,Monza,3,5.83,6.17,0,0,0,0,0,0,1,0,0,0,2023-24,5.866,6.234,C,B
2077,C,PASALIC,Atalanta,1,5.5,5.5,0,0,0,0,0,0,0,0,0,0,2023-24,6.029999999999999,6.8759999999999994,B,A
2529,C,MKHITARYAN,Inter,3,6.33,6.17,0,0,0,0,0,0,0,1,0,0,2023-24,6.211500000000001,6.707000000000001,A,B
2741,C,PESSINA,Monza,3,5.5,5.33,0,0,0,0,0,0,0,1,0,0,2023-24,6.0525,6.242,B,B
4186,C,GUENDOUZI,Lazio,1,6.5,6.5,0,0,0,0,0,0,0,0,0,0,2023-24,6.5,6.5,A,B
4287,C,LOBOTKA,Napoli,3,6.0,5.83,0,0,0,0,0,0,0,1,0,0,2023-24,6.210000000000001,6.229500000000001,A,B
5451,C,BAJRAMI,Sassuolo,3,6.0,6.0,0,0,0,0,0,0,0,0,0,0,2023-24,5.922999999999999,6.093999999999999,C,C
5453,C,RICCI S.,Torino,3,5.83,5.83,0,0,0,0,0,0,0,0,0,0,2023-24,6.0329999999999995,6.124,B,C
6224,C,REIJNDERS,Milan,3,6.5,6.83,0,0,0,0,0,0,1,0,0,0,2023-24,6.5,6.83,A,A
303,C,POGBA,Juventus,2,6.0,6.0,0,0,0,0,0,0,0,0,0,0,2023-24,6.0,6.0,B,C
2543,C,RENATO SANCHES,Roma,1,6.0,6.0,0,0,0,0,0,0,0,0,0,0,2023-24,6.0,6.0,B,C
4465,C,FAGIOLI,Juventus,2,5.5,5.5,0,0,0,0,0,0,0,0,0,0,2023-24,5.928000000000001,6.204000000000001,C,B
4658,C,IKONE',Fiorentina,0,0.0,0.0,0,0,0,0,0,0,0,0,0,0,2023-24,6.014,6.397,B,B
4869,C,DOMINGUEZ,Bologna,2,5.75,5.75,0,0,0,0,0,0,0,0,0,0,2023-24,6.0475,6.072,B,C
5007,C,ILIC,Torino,3,6.0,5.83,0,0,0,0,0,0,0,1,0,0,2023-24,6.038,6.110500000000001,B,C
5063,C,RADONJIC,Torino,3,6.33,7.33,1,0,0,0,0,0,0,0,0,0,2023-24,6.316,7.251,A,A
5564,C,NDOYE,Bologna,3,6.0,6.0,0,0,0,0,0,0,0,0,0,0,2023-24,6.0,6.0,B,C
5792,C,EDERSON D.S.,Atalanta,3,6.67,8.0,1,0,0,0,0,0,1,0,0,0,2023-24,6.182,6.647,B,B
5878,C,COLPANI,Monza,3,6.83,8.83,2,0,0,0,0,0,0,0,0,0,2023-24,6.757000000000001,8.609,A,A
22,C,DE ROON,Atalanta,3,5.83,5.67,0,0,0,0,0,0,0,1,0,0,2023-24,6.007000000000001,6.081500000000001,B,C
827,C,LOCATELLI,Juventus,3,5.83,5.5,0,0,0,0,0,0,0,2,0,0,2023-24,6.0445,6.2105000000000015,B,B
2172,C,BARAK,Fiorentina,0,0.0,0.0,0,0,0,0,0,0,0,0,0,0,2023-24,5.7685,6.115500000000001,D,C
150,C,SAPONARA,Verona,1,6.0,6.0,0,0,0,0,0,0,0,0,0,0,2023-24,6.132000000000001,6.554,B,B
779,C,CRISTANTE,Roma,3,6.17,6.17,0,0,0,0,0,0,0,0,0,0,2023-24,5.92,6.0870000000000015,C,C
1933,C,MANDRAGORA,Fiorentina,3,5.83,6.83,1,0,0,0,0,0,0,0,0,0,2023-24,5.86,6.051500000000001,C,C
4662,C,WEAH,Juventus,2,6.0,6.0,0,0,0,0,0,0,0,0,0,0,2023-24,6.0,6.0,B,C
5870,C,HJULMAND,Lecce,0,0.0,0.0,0,0,0,0,0,0,0,0,0,0,2023-24,6.1,6.03,B,C
2528,C,MATIC,Roma,0,0.0,0.0,0,0,0,0,0,0,0,0,0,0,2023-24,6.16,6.32,B,B
2818,C,BENNACER,Milan,0,0.0,0.0,0,0,0,0,0,0,0,0,0,0,2023-24,5.962,6.0025,C,C
4182,C,KLAASSEN,Inter,0,0.0,0.0,0,0,0,0,0,0,0,0,0,0,2023-24,0.0,0.0,D,D
4377,C,CASTROVILLI,Fiorentina,0,0.0,0.0,0,0,0,0,0,0,0,0,0,0,2023-24,6.034,6.2669999999999995,B,B
5001,C,MIRANCHUK,Atalanta,0,0.0,0.0,0,0,0,0,0,0,0,0,0,0,2023-24,6.0249999999999995,6.619,B,B
5295,C,MUSAH,Milan,1,6.0,6.0,0,0,0,0,0,0,0,0,0,0,2023-24,6.0,6.0,B,C
5511,C,MATHEUS HENRIQUE,Sassuolo,3,6.0,6.0,0,0,0,0,0,0,0,0,0,0,2023-24,5.928,6.1419999999999995,C,C
5995,C,DE KETELAERE,Atalanta,3,6.5,7.83,1,0,0,0,0,0,1,0,0,0,2023-24,6.424,7.621,A,A
6216,C,MBOULA,Verona,2,5.5,5.5,0,0,0,0,0,0,0,0,0,0,2023-24,5.5,5.5,D,D
333,C,CATALDI,Lazio,3,6.17,6.0,0,0,0,0,0,0,0,1,0,0,2023-24,5.955,6.167000000000001,C,C
376,C,VERDI,Torino,0,0.0,0.0,0,0,0,0,0,0,0,0,0,0,2023-24,5.9355,6.5520000000000005,C,B
1987,C,JANKTO,Cagliari,3,6.0,6.0,0,0,0,0,0,0,0,0,0,0,2023-24,5.7715,5.9215,D,D
2839,C,SOTTIL,Fiorentina,3,5.83,5.83,0,0,0,0,0,0,0,0,0,0,2023-24,5.970000000000001,6.226500000000001,C,B
4285,C,ARTHUR MELO,Fiorentina,3,6.17,6.5,0,0,0,0,0,0,1,0,0,0,2023-24,6.17,6.5,B,B
4342,C,DUDA,Verona,3,6.5,8.0,1,0,0,0,0,0,2,1,0,0,2023-24,6.432,7.768,A,A
4393,C,SCHOUTEN,Bologna,0,0.0,0.0,0,0,0,0,0,0,0,0,0,0,2023-24,5.964,6.018,C,C
4404,C,THORSBY,Genoa,3,5.33,5.17,0,0,0,0,0,0,0,1,0,0,2023-24,5.718,5.769,D,D
4514,C,NANDEZ,Cagliari,3,6.33,6.33,0,0,0,0,0,0,0,0,0,0,2023-24,6.12,6.1339999999999995,B,C
4890,C,TAMEZE,Torino,1,6.0,6.0,0,0,0,0,0,0,0,0,0,0,2023-24,6.0695,6.224500000000001,B,B
4965,C,MARIN,Empoli,3,5.83,5.83,0,0,0,0,0,0,0,0,0,0,2023-24,5.918500000000001,6.032500000000001,C,C
4970,C,MESSIAS,Genoa,0,0.0,0.0,0,0,0,0,0,0,0,0,0,0,2023-24,6.024,6.657,B,B
4973,C,MCKENNIE,Juventus,2,6.0,6.0,0,0,0,0,0,0,0,0,0,0,2023-24,6.032,6.368499999999999,B,B
5093,C,REINIER,Frosinone,0,0.0,0.0,0,0,0,0,0,0,0,0,0,0,2023-24,0.0,0.0,D,D
5422,C,ZALEWSKI,Roma,3,5.67,5.67,0,0,0,0,0,0,0,0,0,0,2023-24,5.8705,5.9955,C,D
5504,C,COULIBALY L.,Salernitana,3,6.0,6.0,0,0,0,0,0,0,0,0,0,0,2023-24,6.015,6.112,B,C
5688,C,HARROUI,Frosinone,3,6.67,8.67,2,0,0,1,1,0,0,0,0,0,2023-24,6.145,6.915,B,A
5788,C,SABIRI,Fiorentina,0,0.0,0.0,0,0,0,0,0,0,0,0,0,0,2023-24,5.817,5.917,C,D
148,C,KRUNIC,Milan,3,6.33,6.17,0,0,0,0,0,0,0,1,0,0,2023-24,6.0065,6.140499999999999,B,C
468,C,PAREDES,Roma,3,5.67,5.83,0,0,0,0,0,0,1,1,0,0,2023-24,5.681,5.825,D,D
788,C,FREULER,Bologna,0,0.0,0.0,0,0,0,0,0,0,0,0,0,0,2023-24,6.1615,6.3265,B,B
801,C,GAGLIARDINI,Monza,3,6.0,6.0,0,0,0,0,0,0,0,0,0,0,2023-24,6.002000000000001,6.5005,B,B
2117,C,KASTANOS,Salernitana,3,5.83,5.67,0,0,0,0,0,0,0,1,0,0,2023-24,5.8795,5.9205000000000005,C,D
4681,C,LOPEZ M.,Fiorentina,2,5.0,4.5,0,0,0,0,0,0,0,0,1,0,2023-24,5.8635,5.757499999999999,C,D
4992,C,GYASI,Empoli,2,5.25,5.25,0,0,0,0,0,0,0,1,0,0,2023-24,5.715999999999999,5.9174999999999995,D,D
5791,C,FRENDRUP,Genoa,3,6.17,6.33,0,0,0,0,0,0,1,1,0,0,2023-24,6.133,6.272,B,B
6054,C,MORO N.,Bologna,3,6.0,6.0,0,0,0,0,0,0,0,0,0,0,2023-24,6.0040000000000004,6.03,B,C
6394,C,RAMADANI,Lecce,3,6.33,6.33,0,0,0,0,0,0,0,0,0,0,2023-24,6.33,6.33,A,B
65,C,MANCOSU,Cagliari,0,0.0,0.0,0,0,0,0,0,0,0,0,0,0,2023-24,0.0,0.0,D,D
181,C,VECINO,Lazio,2,5.75,5.75,0,0,0,0,0,0,0,0,0,0,2023-24,5.983999999999999,6.340999999999999,C,B
470,C,STROOTMAN,Genoa,2,5.75,5.5,0,0,0,0,0,0,0,1,0,0,2023-24,5.7485,5.6979999999999995,D,D
526,C,DUNCAN,Fiorentina,1,7.0,11.0,1,0,0,0,0,0,1,0,0,0,2023-24,6.005999999999999,6.4609999999999985,B,B
666,C,MACHIN,Monza,2,6.0,6.0,0,0,0,0,0,0,0,0,0,0,2023-24,5.915,5.965,C,D
1978,C,SENSI,Inter,0,0.0,0.0,0,0,0,0,0,0,0,0,0,0,2023-24,6.0175,6.167,B,C
2008,C,LINETTY,Torino,3,5.83,5.67,0,0,0,0,0,0,0,1,0,0,2023-24,5.896000000000001,5.9990000000000006,C,D
2392,C,WALACE,Udinese,3,5.67,5.5,0,0,0,0,0,0,0,1,0,0,2023-24,5.8740000000000006,5.8115000000000006,C,D
4522,C,AMRABAT,Fiorentina,0,0.0,0.0,0,0,0,0,0,0,0,0,0,0,2023-24,6.026,5.978,B,D
4947,C,BRESCIANINI,Frosinone,2,6.0,6.0,0,0,0,0,0,0,0,0,0,0,2023-24,6.0,6.0,B,C
5298,C,POBEGA,Milan,2,6.0,6.0,0,0,0,0,0,0,0,0,0,0,2023-24,6.129999999999999,6.397500000000001,B,B
5423,C,BOVE,Roma,2,6.0,6.0,0,0,0,0,0,0,0,0,0,0,2023-24,6.068,6.29,B,B
5784,C,AEBISCHER,Bologna,3,6.0,5.83,0,0,0,0,0,0,0,1,0,0,2023-24,5.909999999999999,5.87,C,D
5844,C,THORSTVEDT,Sassuolo,3,5.83,5.83,0,0,0,0,0,0,0,0,0,0,2023-24,5.8469999999999995,5.867,C,D
5869,C,BLIN,Lecce,2,6.0,6.0,0,0,0,0,0,0,0,0,0,0,2023-24,5.994000000000001,5.9910000000000005,C,D
5999,C,GONZALEZ J.,Lecce,3,5.67,5.33,0,0,0,0,0,0,0,2,0,0,2023-24,5.699,5.388000000000001,D,D
6061,C,OUDIN,Lecce,0,0.0,0.0,0,0,0,0,0,0,0,0,0,0,2023-24,5.98,6.3,C,B
6206,C,FABBIAN,Bologna,1,7.0,10.0,1,0,0,0,0,0,0,0,0,0,2023-24,7.0,10.0,A,A
6222,C,RAFIA,Lecce,3,6.17,7.17,1,0,0,0,0,0,0,0,0,0,2023-24,6.17,7.17,B,A
6402,C,CAJUSTE ,Napoli,1,5.0,4.5,0,0,0,0,0,0,0,1,0,0,2023-24,5.0,4.5,D,D
6410,C,KABA,Lecce,3,6.0,5.83,0,0,0,0,0,0,0,1,0,0,2023-24,6.0,5.83,B,D
27,C,GRASSI,Empoli,2,5.75,5.5,0,0,0,0,0,0,0,1,0,0,2023-24,5.852999999999999,5.819500000000001,C,D
170,C,BADELJ,Genoa,3,5.67,5.5,0,0,0,0,0,0,0,1,0,0,2023-24,5.893,5.8625,C,D
1976,C,MAZZITELLI,Frosinone,3,5.83,5.67,0,0,0,0,0,0,0,1,0,0,2023-24,5.755,5.6049999999999995,D,D
2692,C,CASTILLEJO,Sassuolo,0,0.0,0.0,0,0,0,0,0,0,0,0,0,0,2023-24,6.022,6.058,B,C
5499,C,HONGLA,Verona,3,6.0,6.0,0,0,0,0,0,0,0,0,0,0,2023-24,5.791,5.652,D,D
5813,C,MIRETTI,Juventus,2,5.75,5.5,0,0,0,0,0,0,0,1,0,0,2023-24,5.901,5.862,C,D
6010,C,FAZZINI,Empoli,2,5.5,5.5,0,0,0,0,0,0,0,0,0,0,2023-24,5.54,5.53,D,D
6112,C,ILING JUNIOR,Juventus,2,6.25,6.75,0,0,0,0,0,0,1,0,0,0,2023-24,6.244,6.737,A,B
6218,C,ORISTANIO,Cagliari,3,5.83,5.83,0,0,0,0,0,0,0,0,0,0,2023-24,5.83,5.83,C,D
6219,C,BOLOCA,Sassuolo,2,5.5,5.25,0,0,0,0,0,0,0,1,0,0,2023-24,5.5,5.25,D,D
6232,C,MAKOUMBOU,Cagliari,3,5.83,5.67,0,0,0,0,0,0,0,1,0,0,2023-24,5.83,5.67,C,D
6448,C,MARTEGANI,Salernitana,2,6.0,6.0,0,0,0,0,0,0,0,0,0,0,2023-24,6.0,6.0,B,C
6458,C,SERDAR,Verona,2,5.75,5.75,0,0,0,0,0,0,0,0,0,0,2023-24,5.75,5.75,D,D
6481,C,PAYERO,Udinese,0,0.0,0.0,0,0,0,0,0,0,0,0,0,0,2023-24,0.0,0.0,D,D
694,C,BAEZ,Frosinone,3,6.17,6.0,0,0,0,0,0,0,0,1,0,0,2023-24,6.128,5.9750000000000005,B,D
1871,C,DEIOLA,Cagliari,1,6.0,6.0,0,0,0,0,0,0,0,0,0,0,2023-24,5.771500000000001,5.7315000000000005,D,D
1980,C,ARAMU,Genoa,0,0.0,0.0,0,0,0,0,0,0,0,0,0,0,2023-24,6.14,6.77,B,B
2825,C,BOURABIA,Frosinone,0,0.0,0.0,0,0,0,0,0,0,0,0,0,0,2023-24,5.9135,6.116999999999999,C,C
4459,C,ROVELLA,Lazio,0,0.0,0.0,0,0,0,0,0,0,0,0,0,0,2023-24,6.0729999999999995,6.103,B,C
4892,C,SAELEMAEKERS,Bologna,0,0.0,0.0,0,0,0,0,0,0,0,0,0,0,2023-24,5.973,6.161,C,C
4896,C,MALDINI,Empoli,0,0.0,0.0,0,0,0,0,0,0,0,0,0,0,2023-24,6.096,6.504,B,B
5267,C,RACIC,Sassuolo,1,6.0,6.0,0,0,0,0,0,0,0,0,0,0,2023-24,6.0,6.0,B,C
5397,C,KOVALENKO,Empoli,1,5.5,5.5,0,0,0,0,0,0,0,0,0,0,2023-24,5.788,5.785,D,D
5457,C,MALEH,Empoli,1,5.0,5.0,0,0,0,0,0,0,0,0,0,0,2023-24,5.593,5.582,D,D
5798,C,BOHINEN,Salernitana,2,6.0,5.75,0,0,0,0,0,0,0,1,0,0,2023-24,5.887,5.797,C,D
5834,C,MARCOS ANTONIO,Lazio,0,0.0,0.0,0,0,0,0,0,0,0,0,0,0,2023-24,6.0,6.25,B,B
5884,C,RANOCCHIA F.,Empoli,0,0.0,0.0,0,0,0,0,0,0,0,0,0,0,2023-24,6.17,6.42,B,B
6393,C,INFANTINO,Fiorentina,1,5.5,5.5,0,0,0,0,0,0,0,0,0,0,2023-24,5.5,5.5,D,D
6479,C,KUTLU,Genoa,1,5.5,5.5,0,0,0,0,0,0,0,0,0,0,2023-24,5.5,5.5,D,D
6480,C,TCHATCHOUA,Verona,0,0.0,0.0,0,0,0,0,0,0,0,0,0,0,2023-24,0.0,0.0,D,D
2161,C,HAAS,Empoli,1,5.5,5.0,0,0,0,0,0,0,0,1,0,0,2023-24,5.8020000000000005,5.7620000000000005,C,D
2183,C,GARRITANO,Frosinone,1,6.5,6.5,0,0,0,0,0,0,0,0,0,0,2023-24,6.444000000000001,6.444000000000001,A,B
4498,C,HENDERSON L.,Empoli,0,0.0,0.0,0,0,0,0,0,0,0,0,0,0,2023-24,5.8469999999999995,5.724,C,D
4787,C,QUINA,Udinese,0,0.0,0.0,0,0,0,0,0,0,0,0,0,0,2023-24,0.0,0.0,D,D
4870,C,ADOPO,Atalanta,1,6.5,7.5,0,0,0,0,0,0,1,0,0,0,2023-24,6.438000000000001,7.325,A,A
4988,C,MAGGIORE,Salernitana,1,6.0,5.5,0,0,0,0,0,0,0,1,0,0,2023-24,5.994,5.9935,C,D
5510,C,ROMERO L.,Milan,0,0.0,0.0,0,0,0,0,0,0,0,0,0,0,2023-24,6.175,7.525,B,A
5674,C,BASIC,Lazio,0,0.0,0.0,0,0,0,0,0,0,0,0,0,0,2023-24,5.985,6.15,C,C
5719,C,ASLLANI,Inter,0,0.0,0.0,0,0,0,0,0,0,0,0,0,0,2023-24,5.928000000000001,5.882,C,D
5782,C,KOURFALIDIS,Cagliari,0,0.0,0.0,0,0,0,0,0,0,0,0,0,0,2023-24,6.0,6.0,B,C
5919,C,TCHAOUNA,Salernitana,0,0.0,0.0,0,0,0,0,0,0,0,0,0,0,2023-24,0.0,0.0,D,D
6024,C,SULEMANA I.,Cagliari,3,5.67,5.5,0,0,0,0,0,0,0,1,0,0,2023-24,5.694999999999999,5.527,D,D
6175,C,BARRENECHEA,Frosinone,2,6.25,6.0,0,0,0,0,0,0,0,1,0,0,2023-24,6.175,5.95,B,D
6241,C,GELLI,Frosinone,3,6.0,5.83,0,0,0,0,0,0,0,1,0,0,2023-24,6.0,5.83,B,D
6252,C,FOLORUNSHO,Verona,3,5.83,5.83,0,0,0,0,0,0,0,0,0,0,2023-24,5.83,5.83,C,D
6486,C,SUSLOV,Verona,0,0.0,0.0,0,0,0,0,0,0,0,0,0,0,2023-24,0.0,0.0,D,D
2144,C,COULIBALY M.,Salernitana,0,0.0,0.0,0,0,0,0,0,0,0,0,0,0,2023-24,6.072000000000001,6.486000000000001,B,B
2154,C,VIGNATO,Bologna,0,0.0,0.0,0,0,0,0,0,0,0,0,0,0,2023-24,5.977500000000001,6.17,C,C
2274,C,VALOTI,Monza,0,0.0,0.0,0,0,0,0,0,0,0,0,0,0,2023-24,5.789,5.891,D,D
4364,C,GAETANO,Napoli,0,0.0,0.0,0,0,0,0,0,0,0,0,0,0,2023-24,6.1080000000000005,6.792,B,B
4384,C,JAGIELLO,Genoa,1,5.0,5.0,0,0,0,0,0,0,0,0,0,0,2023-24,5.0,5.0,D,D
4501,C,OBIANG,Sassuolo,0,0.0,0.0,0,0,0,0,0,0,0,0,0,0,2023-24,5.877,5.806,C,D
5286,C,AKPA AKPRO,Monza,0,0.0,0.0,0,0,0,0,0,0,0,0,0,0,2023-24,5.606,5.532,D,D
5425,C,URBANSKI,Bologna,1,6.0,6.0,0,0,0,0,0,0,0,0,0,0,2023-24,5.95,5.95,C,D
5735,C,VOLPATO,Sassuolo,0,0.0,0.0,0,0,0,0,0,0,0,0,0,0,2023-24,6.1000000000000005,7.003,B,A
5879,C,VIGNATO S.,Monza,1,5.5,5.5,0,0,0,0,0,0,0,0,0,0,2023-24,5.575,5.625,D,D
5947,C,HRUSTIC,Verona,0,0.0,0.0,0,0,0,0,0,0,0,0,0,0,2023-24,5.4,5.4,D,D
6212,C,ZARRAGA,Udinese,1,5.0,5.0,0,0,0,0,0,0,0,0,0,0,2023-24,5.0,5.0,D,D
6221,C,CAMARA E.,Udinese,0,0.0,0.0,0,0,0,0,0,0,0,0,0,0,2023-24,0.0,0.0,D,D
6236,C,AMATUCCI,Fiorentina,1,5.5,5.5,0,0,0,0,0,0,0,0,0,0,2023-24,5.5,5.5,D,D
21,C,D'ALESSANDRO,Monza,0,0.0,0.0,0,0,0,0,0,0,0,0,0,0,2023-24,6.0649999999999995,6.019,B,C
440,C,VIOLA,Cagliari,0,0.0,0.0,0,0,0,0,0,0,0,0,0,0,2023-24,6.031999999999999,6.611,B,B
500,C,LULIC K.,Frosinone,0,0.0,0.0,0,0,0,0,0,0,0,0,0,0,2023-24,0.0,0.0,D,D
557,C,BENASSI,Fiorentina,0,0.0,0.0,0,0,0,0,0,0,0,0,0,0,2023-24,5.8415,6.142,C,C
2076,C,ROG,Cagliari,0,0.0,0.0,0,0,0,0,0,0,0,0,0,0,2023-24,5.987500000000001,6.1175,C,C
2121,C,MELEGONI,Genoa,0,0.0,0.0,0,0,0,0,0,0,0,0,0,0,2023-24,5.913,6.006,C,C
2286,C,CROCIATA,Empoli,0,0.0,0.0,0,0,0,0,0,0,0,0,0,0,2023-24,5.843999999999999,5.877999999999999,C,D
4349,C,NICOLUSSI CAVIGLIA,Juventus,0,0.0,0.0,0,0,0,0,0,0,0,0,0,0,2023-24,5.7570000000000014,5.9190000000000005,D,D
4725,C,DEMME,Napoli,0,0.0,0.0,0,0,0,0,0,0,0,0,0,0,2023-24,5.898,5.969999999999999,C,D
5772,C,PYYHTIA,Bologna,0,0.0,0.0,0,0,0,0,0,0,0,0,0,0,2023-24,6.0,6.297000000000001,B,B
5824,C,PAFUNDI,Udinese,0,0.0,0.0,0,0,0,0,0,0,0,0,0,0,2023-24,5.775,5.775,D,D
5872,C,HELGASON,Lecce,0,0.0,0.0,0,0,0,0,0,0,0,0,0,0,2023-24,5.79,5.79,D,D
5875,C,ADLI,Milan,0,0.0,0.0,0,0,0,0,0,0,0,0,0,0,2023-24,5.62,5.5,D,D
5992,C,BONDO,Monza,1,6.0,6.0,0,0,0,0,0,0,0,0,0,0,2023-24,5.9750000000000005,5.95,C,D
5998,C,ZERBIN,Napoli,0,0.0,0.0,0,0,0,0,0,0,0,0,0,0,2023-24,5.75,5.62,D,D
6005,C,ILKHAN,Torino,0,0.0,0.0,0,0,0,0,0,0,0,0,0,0,2023-24,5.83,5.75,C,D
6009,C,DEGLI INNOCENTI,Empoli,0,0.0,0.0,0,0,0,0,0,0,0,0,0,0,2023-24,0.0,0.0,D,D
6106,C,CARBONI V.,Monza,0,0.0,0.0,0,0,0,0,0,0,0,0,0,0,2023-24,0.0,0.0,D,D
6168,C,FATICANTI,Lecce,0,0.0,0.0,0,0,0,0,0,0,0,0,0,0,2023-24,0.0,0.0,D,D
6170,C,GINEITIS,Torino,0,0.0,0.0,0,0,0,0,0,0,0,0,0,0,2023-24,6.0,5.5,B,D
6203,C,BELARDINELLI,Empoli,0,0.0,0.0,0,0,0,0,0,0,0,0,0,0,2023-24,0.0,0.0,D,D
6225,C,EL AZZOUZI,Bologna,1,6.0,6.0,0,0,0,0,0,0,0,0,0,0,2023-24,6.0,6.0,B,C
6233,C,LELLA,Cagliari,0,0.0,0.0,0,0,0,0,0,0,0,0,0,0,2023-24,0.0,0.0,D,D
6240,C,HAOUDI,Frosinone,0,0.0,0.0,0,0,0,0,0,0,0,0,0,0,2023-24,0.0,0.0,D,D
6246,C,LIPANI,Sassuolo,0,0.0,0.0,0,0,0,0,0,0,0,0,0,0,2023-24,0.0,0.0,D,D
6251,C,SACO,Napoli,0,0.0,0.0,0,0,0,0,0,0,0,0,0,0,2023-24,0.0,0.0,D,D
6254,C,JOSELITO,Verona,0,0.0,0.0,0,0,0,0,0,0,0,0,0,0,2023-24,0.0,0.0,D,D
6420,C,PAGANO,Roma,0,0.0,0.0,0,0,0,0,0,0,0,0,0,0,2023-24,0.0,0.0,D,D
6423,C,LEGOWSKI,Salernitana,1,5.5,5.0,0,0,0,0,0,0,0,1,0,0,2023-24,5.5,5.0,D,D
6424,C,PRATI,Cagliari,0,0.0,0.0,0,0,0,0,0,0,0,0,0,0,2023-24,0.0,0.0,D,D
4661,A,OSIMHEN,Napoli,3,6.83,9.83,3,0,0,1,1,0,0,0,0,0,2023-24,6.58,8.5075,A,A
2764,A,MARTINEZ L.,Inter,3,7.67,12.5,5,0,0,0,0,0,0,1,0,0,2023-24,6.518000000000001,8.2965,A,A
4510,A,RAFAEL LEAO,Milan,3,7.0,8.33,1,0,0,0,0,0,1,0,0,0,2023-24,6.584499999999999,7.822500000000001,A,A
785,A,IMMOBILE,Lazio,3,5.83,6.67,1,0,0,0,0,0,0,1,0,0,2023-24,6.1855,7.7780000000000005,B,A
531,A,BERARDI,Sassuolo,1,8.0,14.0,2,0,0,1,1,0,0,0,0,0,2023-24,6.350000000000001,7.6285,A,A
2531,A,LUKAKU,Roma,1,6.0,5.5,0,0,0,0,0,0,0,1,0,0,2023-24,6.207,7.135,A,B
5839,A,KVARATSKHELIA,Napoli,2,6.25,6.75,0,0,0,0,0,0,1,0,0,0,2023-24,6.287,6.871,A,B
309,A,DYBALA,Roma,1,5.0,4.5,0,0,0,0,0,0,0,1,0,0,2023-24,6.09,6.966,B,B
2841,A,VLAHOVIC,Juventus,3,6.33,7.5,2,0,0,2,1,1,1,1,0,0,2023-24,6.222499999999999,7.72,A,A
4200,A,GIROUD,Milan,3,7.33,11.67,4,0,0,3,3,0,1,0,0,0,2023-24,6.569,8.696,A,A
2137,A,SCAMACCA,Atalanta,3,6.67,8.67,2,0,0,0,0,0,0,0,0,0,2023-24,6.2405,7.343,A,A
5672,A,DIA,Salernitana,2,6.5,8.0,1,0,0,0,0,0,0,0,0,0,2023-24,6.477,7.982,A,A
4871,A,THURAM,Inter,3,7.17,8.83,1,0,0,0,0,0,2,0,0,0,2023-24,7.17,8.83,A,A
4730,A,LOOKMAN,Atalanta,2,5.5,5.25,0,0,0,0,0,0,0,1,0,0,2023-24,5.597,5.517,D,D
479,A,SANABRIA,Torino,2,5.75,5.75,0,0,0,0,0,0,0,0,0,0,2023-24,5.9945,6.8149999999999995,B,B
4268,A,ARNAUTOVIC,Inter,3,6.33,6.67,0,0,0,0,0,0,1,0,0,0,2023-24,6.3549999999999995,7.388999999999999,A,A
6228,A,RETEGUI,Genoa,3,6.0,6.83,1,0,0,0,0,0,0,1,0,0,2023-24,6.0,6.83,B,B
5336,A,NZOLA,Fiorentina,3,5.67,5.67,0,0,0,0,0,0,0,0,0,0,2023-24,5.96,6.594,B,B
5786,A,CABRAL,Fiorentina,0,0.0,0.0,0,0,0,0,0,0,0,0,0,0,2023-24,6.189,7.233,B,A
6060,A,LAURIENTE',Sassuolo,3,6.5,6.83,0,0,0,0,0,0,1,0,0,0,2023-24,6.489000000000001,6.865,A,B
5694,A,BETO,Udinese,1,5.5,5.5,0,0,0,0,0,0,0,0,0,0,2023-24,5.897,6.558999999999999,C,B
608,A,ZAPATA D.,Torino,3,6.0,7.0,1,0,0,0,0,0,0,0,0,0,2023-24,6.3425,7.823499999999998,A,A
2002,A,CHIESA,Juventus,3,6.5,8.5,2,0,0,0,0,0,0,0,0,0,2023-24,6.282000000000001,6.9565,A,B
2012,A,MILIK,Juventus,3,6.17,6.5,0,0,0,0,0,0,1,0,0,0,2023-24,6.095000000000001,7.154,B,B
4179,A,GONZALEZ N.,Fiorentina,3,6.5,8.5,2,0,0,0,0,0,0,0,0,0,2023-24,6.251,7.377,A,A
6227,A,OKAFOR,Milan,3,6.0,5.83,0,0,0,0,0,0,0,1,0,0,2023-24,6.0,5.83,B,D
6229,A,TOURE' E.,Atalanta,0,0.0,0.0,0,0,0,0,0,0,0,0,0,0,2023-24,0.0,0.0,D,D
6409,A,BELTRAN L.,Fiorentina,2,5.75,5.75,0,0,0,0,0,0,0,0,0,0,2023-24,5.75,5.75,C,D
1939,A,LAPADULA,Cagliari,0,0.0,0.0,0,0,0,0,0,0,0,0,0,0,2023-24,5.754,6.233,C,C
1958,A,CAPRARI,Monza,3,6.0,6.0,0,0,0,0,0,0,0,0,0,0,2023-24,6.0409999999999995,6.7625,B,B
2475,A,SANCHEZ,Inter,0,0.0,0.0,0,0,0,0,0,0,0,0,0,0,2023-24,6.164,6.953,B,B
2544,A,ABRAHAM,Roma,0,0.0,0.0,0,0,0,0,0,0,0,0,0,0,2023-24,6.197000000000001,7.026,B,B
2819,A,CAPUTO,Empoli,3,5.67,5.67,0,0,0,0,0,0,0,0,0,0,2023-24,6.017,7.0875,B,B
6145,A,NGONGE,Verona,3,6.33,8.33,2,0,0,0,0,0,0,0,0,0,2023-24,6.301,8.17,A,A
507,A,MURIEL,Atalanta,1,6.0,6.0,0,0,0,0,0,0,0,0,0,0,2023-24,6.396000000000001,7.870500000000002,A,A
2038,A,PINAMONTI,Sassuolo,3,6.0,7.0,1,0,0,0,0,0,0,0,0,0,2023-24,5.942,6.593,B,B
2119,A,DEULOFEU,Udinese,0,0.0,0.0,0,0,0,0,0,0,0,0,0,0,2023-24,6.417,7.362,A,A
2438,A,JOVIC,Milan,0,0.0,0.0,0,0,0,0,0,0,0,0,0,0,2023-24,5.98,6.56,B,B
2719,A,BARROW,Bologna,0,0.0,0.0,0,0,0,0,0,0,0,0,0,0,2023-24,5.962,6.461000000000001,B,B
5086,A,ZIRKZEE,Bologna,3,6.67,7.83,1,0,0,0,0,0,1,1,0,0,2023-24,6.186999999999999,6.763,B,B
5836,A,CEESAY,Lecce,0,0.0,0.0,0,0,0,0,0,0,0,0,0,0,2023-24,5.97,6.53,B,B
6435,A,KRSTOVIC,Lecce,2,7.0,10.0,2,0,0,0,0,0,0,0,0,0,2023-24,7.0,10.0,A,A
383,A,PETAGNA,Cagliari,1,6.0,6.0,0,0,0,0,0,0,0,0,0,0,2023-24,6.081,6.981,B,B
441,A,BELOTTI,Roma,3,6.67,9.0,2,0,0,0,0,0,1,0,0,0,2023-24,6.199,7.228000000000001,B,A
2061,A,SIMEONE,Napoli,0,0.0,0.0,0,0,0,0,0,0,0,0,0,0,2023-24,5.820500000000001,6.592500000000001,C,B
4436,A,CAMBIAGHI,Empoli,2,6.0,6.0,0,0,0,0,0,0,0,0,0,0,2023-24,6.024000000000001,6.090000000000001,B,C
5311,A,SHOMURODOV,Cagliari,2,5.5,5.5,0,0,0,0,0,0,0,0,0,0,2023-24,5.9319999999999995,6.3755,B,C
5795,A,AZMOUN,Roma,0,0.0,0.0,0,0,0,0,0,0,0,0,0,0,2023-24,0.0,0.0,D,D
6226,A,CASTELLANOS,Lazio,0,0.0,0.0,0,0,0,0,0,0,0,0,0,0,2023-24,0.0,0.0,D,D
495,A,CORREA,Inter,0,0.0,0.0,0,0,0,0,0,0,0,0,0,0,2023-24,6.0305,6.773,B,B
2369,A,THAUVIN,Udinese,3,6.0,5.83,0,0,0,0,0,0,0,1,0,0,2023-24,5.968,5.8149999999999995,B,D
2489,A,PEDRO,Lazio,2,5.75,5.75,0,0,0,0,0,0,0,0,0,0,2023-24,6.1055,6.7090000000000005,B,B
4184,A,BREKALO,Fiorentina,3,6.0,6.0,0,0,0,0,0,0,0,0,0,0,2023-24,6.056,6.0809999999999995,B,C
4517,A,LOZANO,Napoli,0,0.0,0.0,0,0,0,0,0,0,0,0,0,0,2023-24,6.124,6.718999999999999,B,B
5529,A,HENRY,Verona,0,0.0,0.0,0,0,0,0,0,0,0,0,0,0,2023-24,5.91,6.2219999999999995,B,C
6205,A,MULATTIERI,Sassuolo,2,6.0,6.0,0,0,0,0,0,0,0,0,0,0,2023-24,6.0,6.0,B,C
6207,A,ALMQVIST,Lecce,3,6.17,7.17,1,0,0,0,0,0,0,0,0,0,2023-24,6.17,7.17,B,B
6398,A,ISAKSEN,Lazio,2,5.75,5.5,0,0,0,0,0,0,0,1,0,0,2023-24,5.75,5.5,C,D
6459,A,KARLSSON,Bologna,2,6.0,6.0,0,0,0,0,0,0,0,0,0,0,2023-24,6.0,6.0,B,C
2097,A,KEAN,Juventus,0,0.0,0.0,0,0,0,0,0,0,0,0,0,0,2023-24,6.116499999999999,7.261,B,A
2325,A,KARAMOH,Torino,2,6.0,6.0,0,0,0,0,0,0,0,0,0,0,2023-24,5.925000000000001,6.2905,B,C
5471,A,DJURIC,Verona,3,6.17,6.17,0,0,0,0,0,0,0,0,0,0,2023-24,6.044,6.1419999999999995,B,C
5637,A,DAVIS K.,Udinese,0,0.0,0.0,0,0,0,0,0,0,0,0,0,0,2023-24,0.0,0.0,D,D
5882,A,MOTA,Monza,3,5.5,5.5,0,0,0,0,0,0,0,0,0,0,2023-24,5.559,5.614,D,D
6213,A,BRENNER,Udinese,0,0.0,0.0,0,0,0,0,0,0,0,0,0,0,2023-24,0.0,0.0,D,D
6439,A,CHEDDIRA,Frosinone,2,5.5,5.5,0,0,0,0,0,0,0,0,0,0,2023-24,5.5,5.5,D,D
643,A,DEFREL,Sassuolo,1,6.0,6.0,0,0,0,0,0,0,0,0,0,0,2023-24,5.8895,6.466,C,B
1857,A,DI FRANCESCO F.,Lecce,1,7.0,10.0,1,0,0,0,0,0,0,0,0,0,2023-24,6.056,6.729,B,B
4371,A,RASPADORI,Napoli,3,5.67,4.67,0,0,0,1,0,1,0,0,0,0,2023-24,5.986000000000001,6.4155,B,B
4923,A,COLOMBO,Monza,1,5.5,5.5,0,0,0,0,0,0,0,0,0,0,2023-24,5.789,6.047000000000001,C,C
5297,A,LUVUMBO,Cagliari,3,6.33,7.33,1,0,0,0,0,0,0,0,0,0,2023-24,6.33,7.33,A,A
6001,A,BANDA,Lecce,3,6.33,6.5,0,0,0,0,0,0,1,1,0,0,2023-24,6.302,6.4670000000000005,A,B
505,A,BONAZZOLI,Verona,3,6.17,7.17,1,0,0,0,0,0,0,0,0,0,2023-24,6.031,6.6365,B,B
2103,A,PELLEGRI,Torino,3,5.83,5.67,0,0,0,0,0,0,0,1,0,0,2023-24,5.924500000000001,6.275500000000001,B,C
2762,A,KOUAME',Fiorentina,1,5.5,5.5,0,0,0,0,0,0,0,0,0,0,2023-24,5.809500000000001,6.041,C,C
4359,A,PICCOLI,Lecce,3,5.83,5.83,0,0,0,0,0,0,0,0,0,0,2023-24,5.871,6.483,C,B
5676,A,SUCCESS,Udinese,3,5.83,5.83,0,0,0,0,0,0,0,0,0,0,2023-24,5.933,6.133,B,C
5842,A,BOTHEIM,Salernitana,3,5.33,5.17,0,0,0,0,0,0,0,1,0,0,2023-24,5.382000000000001,5.268000000000001,D,D
6119,A,SOLBAKKEN,Roma,1,5.5,5.5,0,0,0,0,0,0,0,0,0,0,2023-24,5.5440000000000005,5.589,D,D
6215,A,LUCCA,Udinese,3,6.0,6.33,0,0,0,0,0,0,1,0,0,0,2023-24,6.0,6.33,B,C
5364,A,CASO,Frosinone,1,6.5,6.5,0,0,0,0,0,0,0,0,0,0,2023-24,6.500000000000001,6.500000000000001,A,B
90,A,LASAGNA,Verona,0,0.0,0.0,0,0,0,0,0,0,0,0,0,0,2023-24,5.756,6.211,C,C
2190,A,CODA M.,Genoa,0,0.0,0.0,0,0,0,0,0,0,0,0,0,0,2023-24,0.0,0.0,D,D
5500,A,CANCELLIERI,Empoli,3,5.5,5.5,0,0,0,0,0,0,0,0,0,0,2023-24,5.757999999999999,5.808,C,D
5807,A,JOVANE,Salernitana,2,5.75,5.75,0,0,0,0,0,0,0,0,0,0,2023-24,5.758,5.858,C,D
247,A,PAVOLETTI,Cagliari,2,6.0,5.75,0,0,0,0,0,0,0,1,0,0,2023-24,6.015499999999999,6.899500000000001,B,B
5734,A,SOULE',Frosinone,1,6.5,6.0,0,0,0,0,0,0,0,1,0,0,2023-24,6.464,6.057,A,C
5845,A,ALVAREZ A.,Sassuolo,0,0.0,0.0,0,0,0,0,0,0,0,0,0,0,2023-24,5.95,6.35,B,C
6214,A,CUNI,Frosinone,1,6.0,6.0,0,0,0,0,0,0,0,0,0,0,2023-24,6.0,6.0,B,C
2466,A,ORIGI,Milan,0,0.0,0.0,0,0,0,0,0,0,0,0,0,0,2023-24,5.74,6.05,C,C
4463,A,ESPOSITO,Inter,0,0.0,0.0,0,0,0,0,0,0,0,0,0,0,2023-24,0.0,0.0,D,D
5506,A,EKUBAN,Genoa,3,6.0,6.0,0,0,0,0,0,0,0,0,0,0,2023-24,5.971,5.984,B,D
5806,A,SECK,Torino,1,6.0,5.5,0,0,0,0,0,0,0,1,0,0,2023-24,6.036,5.885999999999999,B,D
6204,A,KVERNADZE,Frosinone,1,5.5,5.5,0,0,0,0,0,0,0,0,0,0,2023-24,5.5,5.5,D,D
472,A,DESTRO,Empoli,1,6.0,5.5,0,0,0,0,0,0,0,1,0,0,2023-24,6.11,7.103000000000001,B,B
5446,A,VAN HOOIJDONK,Bologna,0,0.0,0.0,0,0,0,0,0,0,0,0,0,0,2023-24,6.0,6.0,B,C
5776,A,CEIDE,Sassuolo,2,5.75,5.75,0,0,0,0,0,0,0,0,0,0,2023-24,5.808999999999999,5.851,C,D
6243,A,BORRELLI,Frosinone,1,6.0,6.0,0,0,0,0,0,0,0,0,0,0,2023-24,6.0,6.0,B,C
6250,A,MARIC,Monza,2,6.0,6.0,0,0,0,0,0,0,0,0,0,0,2023-24,6.0,6.0,B,C
6395,A,SHPENDI S.,Empoli,2,5.75,5.75,0,0,0,0,0,0,0,0,0,0,2023-24,5.75,5.75,C,D
6425,A,IKWUEMESI,Salernitana,1,5.5,5.5,0,0,0,0,0,0,0,0,0,0,2023-24,5.5,5.5,D,D
281,A,PUSCAS,Genoa,0,0.0,0.0,0,0,0,0,0,0,0,0,0,0,2023-24,5.45,5.73,D,D
2122,A,LATTE LATH,Atalanta,0,0.0,0.0,0,0,0,0,0,0,0,0,0,0,2023-24,0.0,0.0,D,D
5060,A,AKE' M.,Udinese,0,0.0,0.0,0,0,0,0,0,0,0,0,0,0,2023-24,6.0,5.75,B,D
5391,A,KOKORIN,Fiorentina,0,0.0,0.0,0,0,0,0,0,0,0,0,0,0,2023-24,5.9750000000000005,5.962000000000001,B,D
5395,A,BRAAF,Verona,0,0.0,0.0,0,0,0,0,0,0,0,0,0,0,2023-24,5.639,5.667,D,D
5436,A,RAIMONDO,Bologna,0,0.0,0.0,0,0,0,0,0,0,0,0,0,0,2023-24,6.0,6.0,B,C
5439,A,KALLON,Verona,0,0.0,0.0,0,0,0,0,0,0,0,0,0,0,2023-24,5.93,5.96,B,D
5505,A,KAIO JORGE,Frosinone,0,0.0,0.0,0,0,0,0,0,0,0,0,0,0,2023-24,5.75,5.75,C,D
5837,A,VOELKERLING PERSSON,Lecce,0,0.0,0.0,0,0,0,0,0,0,0,0,0,0,2023-24,5.83,5.83,C,D
5843,A,VALENCIA D.,Salernitana,0,0.0,0.0,0,0,0,0,0,0,0,0,0,0,2023-24,5.67,5.58,D,D
5874,A,RODRIGUEZ P.,Lecce,0,0.0,0.0,0,0,0,0,0,0,0,0,0,0,2023-24,6.0,6.0,B,C
6011,A,EKONG,Empoli,0,0.0,0.0,0,0,0,0,0,0,0,0,0,0,2023-24,0.0,0.0,D,D
6160,A,VIVALDO,Udinese,0,0.0,0.0,0,0,0,0,0,0,0,0,0,0,2023-24,6.0,6.0,B,C
6242,A,BIDAOUI,Frosinone,0,0.0,0.0,0,0,0,0,0,0,0,0,0,0,2023-24,0.0,0.0,D,D
6247,A,YALCIN,Genoa,0,0.0,0.0,0,0,0,0,0,0,0,0,0,0,2023-24,0.0,0.0,D,D
6249,A,DIAW,Monza,0,0.0,0.0,0,0,0,0,0,0,0,0,0,0,2023-24,0.0,0.0,D,D
6418,A,BURNETE,Lecce,1,6.0,6.0,0,0,0,0,0,0,0,0,0,0,2023-24,6.0,6.0,B,C
6419,A,CORFITZEN,Lecce,0,0.0,0.0,0,0,0,0,0,0,0,0,0,0,2023-24,0.0,0.0,D,D
6427,A,STEWART,Salernitana,0,0.0,0.0,0,0,0,0,0,0,0,0,0,0,2023-24,0.0,0.0,D,D
6434,A,YILDIZ,Juventus,0,0.0,0.0,0,0,0,0,0,0,0,1,0,0,2023-24,0.0,0.0,D,D
